{"mapInfo":{"name":"flagTest","creator":"michael","dateMade":"2020-05-25T23:22:08.353Z","gameType":"Capture The Flag","numberOfTeams":2},"specialObjects":{"flags":[{"team":1,"position":{"x":5,"y":2,"z":2}},{"team":0,"position":{"x":2,"y":5,"z":2}},{"team":1,"position":{"x":4,"y":3,"z":3}}],"spawnAreas":[{"team":0,"value":"#0020be"},{"team":1,"value":"#be0003"}]},"colors":[["white",0],["#0020be",0.01],["#be0003",0.01],["#21be00",0.01],["#beb0b6",0.01],["#0ab911",0.5]],"map":[[[4,4,4,4,4,4,4,4],[4,4,4,4,4,4,4,4],[4,4,4,4,4,4,4,4],[4,4,4,4,4,4,4,4],[4,4,4,4,4,4,4,4],[4,4,4,4,4,4,4,4],[4,4,4,4,4,4,4,4],[4,4,4,4,4,4,4,4]],[[4,4,4,4,4,4,4,4],[4,1,1,3,5,5,5,4],[4,1,1,3,5,5,5,4],[4,3,3,3,5,5,5,4],[4,5,5,5,3,3,3,4],[4,5,5,5,3,2,2,4],[4,5,5,5,3,2,2,4],[4,4,4,4,4,4,4,4]],[[4,4,4,4,4,4,4,4],[4,0,0,0,0,0,0,4],[4,0,0,0,0,-1,0,4],[4,0,0,0,0,0,0,4],[4,0,0,0,0,0,0,4],[4,0,-1,0,0,0,0,4],[4,0,0,0,0,0,0,4],[4,4,4,4,4,4,4,4]],[[4,4,4,4,4,4,4,4],[4,0,0,0,0,0,0,4],[4,0,0,0,0,0,0,4],[4,0,0,0,-1,0,0,4],[4,0,0,0,0,0,0,4],[4,0,0,0,0,0,0,4],[4,0,0,0,0,0,0,4],[4,4,4,4,4,4,4,4]],[[0,0,0,0,0,0,0,0],[0,0,0,0,0,0,0,0],[0,0,0,0,0,0,0,0],[0,0,0,0,0,0,0,0],[0,0,0,0,0,0,0,0],[0,0,0,0,0,0,0,0],[0,0,0,0,0,0,0,0],[0,0,0,0,0,0,0,0]],[[0,0,0,0,0,0,0,0],[0,0,0,0,0,0,0,0],[0,0,0,0,0,0,0,0],[0,0,0,0,0,0,0,0],[0,0,0,0,0,0,0,0],[0,0,0,0,0,0,0,0],[0,0,0,0,0,0,0,0],[0,0,0,0,0,0,0,0]]]}