{"mapInfo":{"name":"snowballTest","creator":"Michael","dateMade":"2020-06-09T15:48:21.312Z","gameType":"King of the Hill","numberOfTeams":1},"specialObjects":{"flags":[{"team":1,"position":{"x":0,"y":1,"z":1}}],"spawnAreas":[{"team":0,"value":"#00fd46"}],"snowballPiles":[{"amount":20,"position":{"x":2,"y":1,"z":1}},{"amount":15,"position":{"x":4,"y":1,"z":1}}]},"colors":[["white",0],["#00fd46",0.1],["#ff591b",0.1],["#2403ec",0.1]],"map":[[[1,1,1,1,1],[2,1,3,1,3],[1,1,1,1,1],[1,1,1,1,1],[1,1,1,1,1]],[[0,0,0,0,0],[-1,0,-2,0,-2],[0,0,0,0,0],[0,0,0,0,0],[0,0,0,0,0]],[[0,0,0,0,0],[0,0,0,0,0],[0,0,0,0,0],[0,0,0,0,0],[0,0,0,0,0]],[[0,0,0,0,0],[0,0,0,0,0],[0,0,0,0,0],[0,0,0,0,0],[0,0,0,0,0]],[[0,0,0,0,0],[0,0,0,0,0],[0,0,0,0,0],[0,0,0,0,0],[0,0,0,0,0]]]}